City_ID,City,Country,Lat,Lng,Max Temp,Humidity,Cloudiness,Wind Speed,Current Description
0,Swan River,CA,52.1058,-101.2676,62.64,60,40,3.74,scattered clouds
1,Ushuaia,AR,-54.8,-68.3,37.06,65,0,5.75,clear sky
2,Busselton,AU,-33.65,115.3333,49.08,79,100,8.3,overcast clouds
3,Kamenka,RU,51.3223,42.7678,66.42,75,0,8.32,clear sky
4,Praia Da Vitoria,PT,38.7333,-27.0667,68.25,83,40,6.38,scattered clouds
5,Jiayuguan,CN,39.8167,98.3,73.45,29,79,8.66,broken clouds
6,Bluff,NZ,-46.6,168.3333,48.79,62,100,15.73,overcast clouds
7,Tasiilaq,GL,65.6145,-37.6368,41.16,81,3,3.89,clear sky
8,Arraial Do Cabo,BR,-22.9661,-42.0278,69.4,79,11,15.55,few clouds
9,Belyy Yar,RU,53.6039,91.3903,58.89,72,0,4.47,clear sky
10,Punta Arenas,CL,-53.15,-70.9167,35.71,87,0,5.75,clear sky
11,Kapaa,US,22.0752,-159.319,80.92,77,75,3.0,light rain
12,Carnarvon,AU,-24.8667,113.6333,55.47,59,0,8.05,clear sky
13,Comodoro Rivadavia,AR,-45.8667,-67.5,48.06,49,0,14.97,clear sky
14,Victoria,HK,22.2855,114.1577,76.98,82,100,5.91,moderate rain
15,Albany,US,42.6001,-73.9662,82.35,91,100,6.33,light rain
16,Puerto Ayora,EC,-0.7393,-90.3518,73.54,92,100,5.99,overcast clouds
17,Atar,MR,20.5169,-13.0499,88.48,15,7,9.15,clear sky
18,Hobart,AU,-42.8794,147.3294,50.11,92,75,6.91,broken clouds
19,Pevek,RU,69.7008,170.3133,40.91,71,10,6.46,clear sky
20,Shubarshi,KZ,48.5872,57.1869,68.92,30,4,4.99,clear sky
21,Bandundu,CD,-3.3167,17.3667,74.12,56,100,3.94,overcast clouds
22,Kuusamo,FI,65.9667,29.1833,60.84,88,40,9.22,scattered clouds
23,Port Elizabeth,ZA,-33.918,25.5701,76.1,31,3,19.66,clear sky
24,Saskylakh,RU,71.9167,114.0833,79.14,41,4,0.92,clear sky
25,Maxixe,MZ,-23.8597,35.3472,64.92,89,66,4.34,light rain
26,Urucara,BR,-2.5364,-57.76,76.06,77,55,2.46,broken clouds
27,Talnakh,RU,69.4865,88.3972,39.79,86,100,10.11,light rain
28,Naze,JP,28.3667,129.4833,72.52,75,100,18.99,overcast clouds
29,Ambon,ID,-3.6954,128.1814,84.34,74,20,5.75,few clouds
30,Kavieng,PG,-2.5744,150.7967,85.33,69,33,14.74,scattered clouds
31,Te Anau,NZ,-45.4167,167.7167,45.95,71,82,0.67,broken clouds
32,Butaritari,KI,3.0707,172.7902,82.96,68,100,4.25,overcast clouds
33,Barrow,US,71.2906,-156.7887,42.82,70,1,11.5,clear sky
34,Nemuro,JP,43.3236,145.575,51.75,76,0,4.79,clear sky
35,Rikitea,PF,-23.1203,-134.9692,75.02,83,57,13.87,light rain
36,Faanui,PF,-16.4833,-151.75,79.74,71,0,4.41,clear sky
37,Yellowknife,CA,62.456,-114.3525,61.88,40,100,6.04,overcast clouds
38,Hervey Bay,AU,-25.2986,152.8535,71.71,71,6,5.99,clear sky
39,Nikolskoye,RU,59.7035,30.7861,72.01,86,7,4.97,clear sky
40,Kano,NG,12.0001,8.5167,80.96,60,22,14.72,few clouds
41,Vaini,TO,-21.2,-175.2,80.76,78,20,12.66,few clouds
42,Cape Town,ZA,-33.9258,18.4232,62.89,89,94,7.0,light rain
43,Mandalgovi,MN,45.7625,106.2708,65.55,50,100,15.95,overcast clouds
44,Sao Joao Da Barra,BR,-21.6403,-41.0511,67.28,80,93,10.83,overcast clouds
45,Amazar,RU,53.858,120.875,76.59,44,42,4.56,scattered clouds
46,Lompoc,US,34.6391,-120.4579,77.77,75,1,13.8,clear sky
47,Hithadhoo,MV,-0.6,73.0833,83.32,72,95,11.12,overcast clouds
48,Dicabisagan,PH,17.0818,122.4157,88.18,60,100,4.23,overcast clouds
49,Bengkulu,ID,-3.8004,102.2655,78.51,76,100,3.36,overcast clouds
50,Swan Hill,AU,-35.3378,143.5544,55.11,57,100,11.25,overcast clouds
51,Tabou,CI,4.423,-7.3528,76.41,86,89,5.37,overcast clouds
52,Chuy,UY,-33.6971,-53.4616,53.64,82,100,3.53,overcast clouds
53,Kidal,ML,18.4411,1.4078,84.78,42,4,12.68,clear sky
54,Mar Del Plata,AR,-38.0023,-57.5575,51.13,60,91,5.01,overcast clouds
55,Lucapa,AO,-8.4192,20.7447,63.1,50,76,4.47,broken clouds
56,Avarua,CK,-21.2078,-159.775,72.73,61,0,2.93,clear sky
57,Port Alfred,ZA,-33.5906,26.891,69.15,35,1,16.4,clear sky
58,Atuona,PF,-9.8,-139.0333,79.32,76,22,11.5,few clouds
59,Vilyuysk,RU,63.7553,121.6247,84.79,38,75,4.25,broken clouds
60,Tarata,BO,-17.6167,-66.0167,60.08,68,5,4.45,clear sky
61,Khatanga,RU,71.9667,102.5,59.16,59,100,8.99,overcast clouds
62,Flin Flon,CA,54.7682,-101.865,62.51,32,83,4.83,broken clouds
63,Mataura,NZ,-46.1927,168.8643,48.47,84,100,4.94,overcast clouds
64,Qaanaaq,GL,77.484,-69.3632,37.99,69,24,5.01,few clouds
65,Narsaq,GL,60.9167,-46.05,48.42,72,100,2.77,overcast clouds
66,Lebu,CL,-37.6167,-73.65,51.49,96,100,2.1,moderate rain
67,New Norfolk,AU,-42.7826,147.0587,48.76,71,100,1.88,overcast clouds
68,Katsuura,JP,35.1333,140.3,79.23,75,100,11.48,overcast clouds
69,Ribeira Grande,PT,38.5167,-28.7,65.79,74,86,4.23,overcast clouds
70,Jamestown,US,42.097,-79.2353,69.08,82,90,13.8,overcast clouds
71,Yulara,AU,-25.2406,130.9889,55.24,76,90,8.05,light rain
72,Sao Miguel Do Araguaia,BR,-13.275,-50.1628,76.19,43,1,0.4,clear sky
73,Japura,ID,-0.3167,102.35,76.48,84,100,1.86,overcast clouds
74,Bredasdorp,ZA,-34.5322,20.0403,61.25,67,1,10.2,clear sky
75,Chokurdakh,RU,70.6333,147.9167,72.93,28,1,10.83,clear sky
76,Cidreira,BR,-30.1811,-50.2056,58.17,91,94,2.57,overcast clouds
77,Tuatapere,NZ,-46.1333,167.6833,48.81,67,100,8.25,overcast clouds
78,Pandan,PH,14.0453,124.1694,84.97,73,100,8.03,overcast clouds
79,La Ronge,CA,55.1001,-105.2842,59.49,41,74,6.6,broken clouds
80,Hasaki,JP,35.7333,140.8333,79.18,75,95,8.7,overcast clouds
81,Eirunepe,BR,-6.6603,-69.8736,76.93,76,100,1.83,overcast clouds
82,Inirida,CO,3.8653,-67.9239,72.73,97,25,1.66,scattered clouds
83,Rock Sound,BS,24.9,-76.2,81.48,83,1,15.86,clear sky
84,Salinopolis,BR,-0.6136,-47.3561,77.56,85,7,9.73,clear sky
85,Birao,CF,10.2849,22.7882,78.46,55,86,4.85,overcast clouds
86,Nome,US,64.5011,-165.4064,68.16,81,90,6.91,overcast clouds
87,Monrovia,LR,6.3005,-10.7969,76.33,85,94,6.13,light rain
88,Catamarca,AR,-28.4696,-65.7852,56.59,80,0,1.01,clear sky
89,Petropavlovka,RU,50.6114,105.3196,65.44,80,85,5.95,overcast clouds
90,Dikson,RU,73.5069,80.5464,32.94,85,14,10.18,few clouds
91,Tilichiki,RU,60.4667,166.1,60.51,48,100,4.32,overcast clouds
92,Brae,GB,60.3964,-1.353,49.91,80,4,8.28,clear sky
93,Provideniya,RU,64.3833,-173.3,44.71,81,90,8.95,moderate rain
94,Micheweni,TZ,-4.9667,39.8333,74.8,84,18,13.38,light rain
95,Tuktoyaktuk,CA,69.4541,-133.0374,34.84,90,100,13.06,overcast clouds
96,Kruisfontein,ZA,-34.0033,24.7314,73.89,26,5,20.09,clear sky
97,Pyinmana,MM,19.7333,96.2167,77.76,88,100,6.98,overcast clouds
98,Cayenne,GF,4.9333,-52.3333,81.09,84,0,1.01,clear sky
99,Nanortalik,GL,60.1432,-45.2371,41.36,95,100,5.7,overcast clouds
100,Mahon,ES,39.8885,4.2658,70.36,94,75,5.75,broken clouds
101,Waitara,NZ,-38.925,174.25,54.72,65,0,15.52,clear sky
102,Rodrigues Alves,BR,-7.738,-72.6509,73.62,83,41,2.19,scattered clouds
103,Kaitangata,NZ,-46.2817,169.8464,49.93,54,34,9.6,scattered clouds
104,Kyrylivka,UA,46.3759,35.3675,71.44,90,0,8.28,clear sky
105,Oktyabrskoye,RU,43.0645,44.7417,62.74,94,0,4.47,clear sky
106,Chapada Dos Guimaraes,BR,-15.4606,-55.7497,71.26,43,94,2.62,overcast clouds
107,Dingle,PH,10.9995,122.6711,80.49,80,100,3.42,moderate rain
108,Aswan,EG,24.0934,32.907,87.01,18,0,3.62,clear sky
109,Eydhafushi,MV,5.1033,73.0708,82.29,76,7,15.03,clear sky
110,Naliya,IN,23.2667,68.8333,83.23,70,9,13.27,clear sky
111,Shostka,UA,51.863,33.4698,62.69,84,8,8.21,clear sky
112,Castro,BR,-24.7911,-50.0119,52.48,97,100,0.58,light rain
113,Lagoa,PT,39.05,-27.9833,63.84,72,15,9.13,few clouds
114,Kahului,US,20.8947,-156.47,86.74,74,61,5.01,broken clouds
115,Dudinka,RU,69.4058,86.1778,42.98,68,100,17.22,overcast clouds
116,Yenagoa,NG,4.9247,6.2642,73.17,98,100,2.93,light rain
117,Luderitz,NA,-26.6481,15.1594,62.2,61,0,7.02,clear sky
118,Pitimbu,BR,-7.4706,-34.8086,73.99,76,11,8.37,few clouds
119,Torbay,CA,47.6666,-52.7314,60.76,89,99,8.34,overcast clouds
120,Cherskiy,RU,68.75,161.3,71.06,30,72,7.54,broken clouds
121,Rauma,FI,61.1272,21.5113,64.44,92,49,5.64,scattered clouds
122,Mount Gambier,AU,-37.8333,140.7667,51.69,68,100,10.36,overcast clouds
123,Vila,PT,42.0304,-8.1588,49.69,89,76,2.8,broken clouds
124,Road Town,VG,18.4167,-64.6167,82.49,74,20,14.97,few clouds
125,Salvador,SV,13.8333,-88.9167,77.4,94,100,2.89,overcast clouds
126,Antsohihy,MG,-14.8796,47.9875,70.66,58,47,12.91,scattered clouds
127,Pingliang,CN,35.5392,106.6861,78.85,27,6,1.43,clear sky
128,Severo-Kurilsk,RU,50.6789,156.125,48.74,76,47,8.43,scattered clouds
129,Sinjar,IQ,36.3209,41.8754,80.94,20,0,8.3,clear sky
130,Udachnyy,RU,66.4167,112.4,78.69,38,63,7.11,broken clouds
131,Sagvag,NO,59.7786,5.3961,51.71,86,100,17.65,overcast clouds
132,Kodiak,US,57.79,-152.4072,51.31,82,90,11.5,mist
133,Aksu,CN,41.1231,80.2644,75.6,26,2,4.92,clear sky
134,Hilo,US,19.7297,-155.09,82.27,73,90,10.36,overcast clouds
135,Banda Aceh,ID,5.5577,95.3222,81.03,71,87,12.39,overcast clouds
136,Chudniv,UA,50.052,28.1175,63.48,92,5,2.64,clear sky
137,Muisne,EC,0.6,-80.0333,76.14,86,92,6.98,overcast clouds
138,Irtyshskiy,RU,58.3333,68.1333,51.6,70,100,2.08,overcast clouds
139,Pochutla,MX,15.7432,-96.4661,83.25,84,97,2.46,overcast clouds
140,Kokkarion,GR,37.7764,26.8939,76.93,68,6,1.01,clear sky
141,Talaya,RU,61.3833,152.75,59.45,41,100,8.72,overcast clouds
142,Mount Isa,AU,-20.7333,139.5,73.17,21,100,11.5,overcast clouds
143,Flinders,AU,-34.5833,150.8552,62.38,80,5,1.01,clear sky
144,Beyneu,KZ,45.3167,55.2,81.19,34,0,12.93,clear sky
145,Hermanus,ZA,-34.4187,19.2345,59.9,81,38,20.33,scattered clouds
146,Raudeberg,NO,61.9875,5.1352,50.67,92,83,11.16,broken clouds
147,Elizabeth City,US,36.2946,-76.2511,87.98,80,1,1.99,clear sky
148,Paita,PE,-5.0892,-81.1144,68.14,84,39,13.62,scattered clouds
149,Marechal Deodoro,BR,-9.7103,-35.895,71.01,87,31,5.79,scattered clouds
150,Rio Gallegos,AR,-51.6226,-69.2181,35.58,79,100,13.29,overcast clouds
151,Guasdualito,VE,7.2424,-70.7324,73.76,93,52,1.54,broken clouds
152,Amapa,BR,1.0,-52.0,70.74,98,6,1.77,clear sky
153,Twentynine Palms,US,34.1356,-116.0542,103.71,10,0,8.01,clear sky
154,Longyearbyen,SJ,78.2186,15.6401,40.84,75,75,3.44,broken clouds
155,Airai,TL,-8.9266,125.4092,71.31,57,78,0.65,broken clouds
156,East London,ZA,-33.0153,27.9116,69.06,34,16,11.07,few clouds
157,Karratha,AU,-20.7377,116.8463,59.88,49,0,13.04,clear sky
158,Kamaishi,JP,39.2667,141.8833,63.9,94,100,5.55,overcast clouds
159,Hualmay,PE,-11.0964,-77.6139,64.27,84,69,7.49,broken clouds
160,Mago,RU,53.2514,140.1822,77.05,39,78,3.31,broken clouds
161,Bud,US,39.447,-86.1758,68.22,75,100,7.65,overcast clouds
162,Pahalgam,IN,34.0333,75.3333,54.27,67,1,3.49,clear sky
163,Jodiya,IN,22.6925,70.306,87.51,73,33,14.38,scattered clouds
164,Emerald,AU,-23.5333,148.1667,69.35,49,6,14.94,clear sky
165,Lapeer,US,43.0514,-83.3188,63.28,67,40,9.22,scattered clouds
166,Medicine Hat,CA,50.0501,-110.6683,82.85,25,34,1.99,scattered clouds
167,Ancud,CL,-41.8697,-73.8203,46.22,89,100,3.83,overcast clouds
168,Klaksvik,FO,62.2266,-6.589,47.32,84,62,11.97,broken clouds
169,Latung,PH,5.5,120.8833,83.01,71,100,4.25,light rain
170,Santuario,CO,6.1383,-75.2642,64.22,82,75,2.3,broken clouds
171,Santiago De Cao,PE,-7.9589,-79.2392,66.33,88,90,8.05,overcast clouds
172,Belmonte,BR,-15.8631,-38.8828,73.9,88,0,4.45,clear sky
173,Sao Filipe,CV,14.8961,-24.4956,71.96,80,22,5.73,few clouds
174,Izhma,RU,65.0083,53.9113,48.6,91,100,2.91,overcast clouds
175,Saint-Philippe,RE,-21.3585,55.7679,65.79,72,99,9.26,overcast clouds
176,Grand Gaube,MU,-20.0064,57.6608,70.86,61,70,17.56,broken clouds
177,Campbell River,CA,50.0163,-125.2446,82.26,35,100,1.01,overcast clouds
178,Clyde River,CA,70.4692,-68.5914,35.55,93,56,8.12,broken clouds
179,Thompson,CA,55.7435,-97.8558,54.32,44,97,4.97,overcast clouds
180,Guadalupe Y Calvo,MX,26.1,-106.9667,63.25,88,100,5.32,overcast clouds
181,Ciudad Bolivar,VE,8.1222,-63.5497,78.1,80,100,7.07,overcast clouds
182,Abong Mbang,CM,3.9833,13.1833,64.13,100,100,2.55,overcast clouds
183,Kudahuvadhoo,MV,2.6708,72.8944,82.81,75,61,13.6,broken clouds
184,Morondava,MG,-20.2833,44.2833,67.14,63,0,9.24,clear sky
185,Hobyo,SO,5.3505,48.5268,76.21,83,60,24.32,broken clouds
186,Awjilah,LY,29.1081,21.2869,79.3,38,0,7.9,clear sky
187,Muli,MV,2.9167,73.5667,82.58,76,33,13.62,scattered clouds
188,Sol-Iletsk,RU,51.1631,54.9918,67.42,63,0,1.77,clear sky
189,Ilulissat,GL,69.2167,-51.1,44.62,65,0,5.75,clear sky
190,Carutapera,BR,-1.195,-46.02,74.5,93,9,5.79,clear sky
191,Ola,RU,59.5833,151.2833,55.67,58,45,5.23,scattered clouds
192,Novaya Lyada,RU,52.7131,41.6387,65.16,80,3,5.01,clear sky
193,Saint Leonard,CA,47.173,-67.9247,74.8,94,100,10.27,moderate rain
194,Celestun,MX,20.8667,-90.4,88.68,60,100,6.31,overcast clouds
195,Upernavik,GL,72.7868,-56.1549,37.15,68,3,3.24,clear sky
196,Codrington,AU,-38.2667,141.9667,52.7,68,100,11.21,overcast clouds
197,Coria,ES,39.9879,-6.5377,57.45,78,10,3.4,clear sky
198,Olinda,BR,-8.0089,-34.8553,76.73,69,20,2.3,few clouds
199,Marquette,US,46.5333,-87.6335,53.04,71,89,7.23,overcast clouds
200,Umm Kaddadah,SD,13.6017,26.6876,85.89,37,100,12.37,overcast clouds
201,Bambous Virieux,MU,-20.3428,57.7575,69.51,64,96,14.03,overcast clouds
202,Tongren,CN,27.7172,109.1853,76.86,85,93,0.58,light rain
203,Abnub,EG,27.2696,31.1511,84.42,27,0,8.79,clear sky
204,Maple Creek,CA,49.9168,-109.4848,78.13,27,3,3.62,clear sky
205,Oksovskiy,RU,62.6062,39.8984,65.86,78,3,4.43,clear sky
206,Alofi,NU,-19.0595,-169.9187,75.33,65,13,3.69,few clouds
207,Gubkinskiy,RU,64.434,76.5026,46.62,59,100,15.08,overcast clouds
208,Kawalu,ID,-7.3817,108.2082,75.27,85,97,0.67,overcast clouds
209,Pemangkat,ID,1.1667,108.9667,80.58,80,100,8.12,overcast clouds
210,Synya,RU,65.3718,58.0387,51.91,62,83,3.33,broken clouds
211,Haines Junction,CA,60.7522,-137.5108,57.24,47,74,9.08,broken clouds
212,Batemans Bay,AU,-35.7167,150.1833,64.09,54,23,3.0,few clouds
213,Tripoli,LY,32.8752,13.1875,87.39,32,14,13.98,few clouds
214,Ilabaya,PE,-17.4208,-70.5133,64.29,55,100,1.01,overcast clouds
215,Dilla,ET,6.41,38.31,57.85,92,65,4.18,broken clouds
216,Luena,AO,-11.7833,19.9167,50.45,60,9,4.65,clear sky
217,Sur,OM,22.5667,59.5289,86.52,52,0,7.09,clear sky
218,Khor,RU,47.8861,134.9464,72.09,55,12,4.88,few clouds
219,Bell Ville,AR,-32.6259,-62.6887,46.8,89,0,7.36,clear sky
220,Linden,GY,6.0,-58.3,75.34,97,100,2.51,overcast clouds
221,Urumqi,CN,43.801,87.6005,67.15,43,0,4.47,clear sky
222,Hohhot,CN,40.8106,111.6522,77.5,31,11,3.27,few clouds
223,Cap Malheureux,MU,-19.9842,57.6142,70.84,61,62,17.07,broken clouds
224,Grindavik,IS,63.8424,-22.4338,46.35,93,90,14.97,overcast clouds
225,Vao,NC,-22.6667,167.4833,69.96,66,100,10.94,overcast clouds
226,Saint George,US,37.1041,-113.5841,104.63,6,1,5.99,clear sky
227,Kuloy,RU,61.0305,42.4925,67.53,68,27,3.8,scattered clouds
228,Athens,GR,37.9795,23.7162,77.25,66,20,1.01,few clouds
229,Lorengau,PG,-2.0226,147.2712,84.02,75,16,13.44,few clouds
230,Lesnoy,RU,57.6198,63.0784,54.54,61,100,1.63,overcast clouds
231,Bayonet Point,US,28.3267,-82.6834,86.0,84,95,1.01,overcast clouds
232,Cabo San Lucas,MX,22.8909,-109.9124,90.7,64,1,17.27,clear sky
233,Quatre Cocos,MU,-20.2078,57.7625,69.12,65,93,13.94,overcast clouds
234,Moron,AR,-34.6534,-58.6198,53.98,88,99,4.45,overcast clouds
235,Karmala,IN,18.4167,75.2,74.95,79,100,11.23,overcast clouds
236,Cuiluan,CN,47.72,128.648,75.2,44,7,1.07,clear sky
237,Los Llanos De Aridane,ES,28.6585,-17.9182,64.15,79,75,9.22,broken clouds
238,Mahebourg,MU,-20.4081,57.7,69.48,65,91,14.0,overcast clouds
239,Rocha,UY,-34.4833,-54.3333,43.93,88,6,2.71,clear sky
240,Lahij,YE,13.1667,44.5833,80.6,65,100,4.25,overcast clouds
241,Umba,RU,66.6871,34.3429,49.12,97,100,10.85,overcast clouds
242,Kikwit,CD,-5.041,18.8162,71.13,51,86,0.54,overcast clouds
243,Ilam,NP,26.9167,87.9167,72.03,88,34,2.48,scattered clouds
244,Araguaina,BR,-7.1911,-48.2072,76.77,55,0,2.8,clear sky
245,Creston,US,41.0586,-94.3614,69.24,42,1,8.05,clear sky
246,Chardara,KZ,41.2547,67.9692,72.59,39,0,2.15,clear sky
247,Totoral,PE,-17.4053,-70.365,61.0,46,100,1.39,overcast clouds
248,Port Macquarie,AU,-31.4333,152.9167,62.89,77,90,7.36,overcast clouds
249,Talcahuano,CL,-36.7167,-73.1167,55.08,94,90,9.22,light rain
250,Saint-Pierre,RE,-21.3393,55.4781,65.88,72,90,8.05,overcast clouds
251,Tautira,PF,-17.7333,-149.15,86.02,75,19,4.12,few clouds
252,Taltal,CL,-25.4,-70.4833,60.13,70,73,2.51,broken clouds
253,Tezu,IN,27.9167,96.1667,79.21,90,98,1.23,overcast clouds
254,Kijabe,KE,-0.933,36.5758,55.42,88,59,3.31,broken clouds
255,Tiksi,RU,71.6872,128.8694,59.16,54,15,4.29,few clouds
256,Labuhan,ID,-6.8844,112.2051,79.03,80,99,7.27,overcast clouds
257,Tecolutla,MX,20.4833,-97.0167,83.39,82,100,14.88,overcast clouds
258,Valer,NO,60.6785,11.8331,57.7,99,100,3.56,light rain
259,Mecca,SA,21.4267,39.8261,87.22,28,80,5.66,broken clouds
260,Manokwari,ID,-0.8667,134.0833,83.12,67,55,6.26,broken clouds
261,Tromso,NO,69.6496,18.957,54.25,87,75,2.3,broken clouds
262,Tura,IN,25.5198,90.2201,76.39,94,43,6.24,scattered clouds
263,Pokrovsk,UA,48.282,37.1758,63.52,60,37,10.18,scattered clouds
264,Dharmadam,IN,11.7833,75.4333,76.93,90,100,5.64,overcast clouds
265,Cockburn Town,TC,21.4612,-71.1419,81.18,85,99,20.96,overcast clouds
266,Iqaluit,CA,63.7506,-68.5145,34.7,80,100,25.99,overcast clouds
267,Padang,ID,-0.9492,100.3543,73.45,80,94,3.51,overcast clouds
268,Maragogi,BR,-9.0122,-35.2225,75.54,80,9,5.32,clear sky
269,Ulaangom,MN,49.9811,92.0667,61.84,40,35,4.76,scattered clouds
270,Asau,RO,46.4333,26.4,64.4,100,48,2.66,scattered clouds
271,Terenos,BR,-20.4422,-54.8603,73.11,78,75,2.3,broken clouds
272,Neiafu,TO,-18.65,-173.9833,83.08,65,20,0.0,few clouds
273,Pamekasan,ID,-7.1568,113.4746,81.55,75,100,5.79,overcast clouds
274,Bloemfontein,ZA,-29.1211,26.214,41.65,62,0,5.14,clear sky
275,Nicolae Balcescu,RO,46.4667,26.9167,67.32,97,0,3.44,clear sky
276,Petropavlovsk-Kamchatskiy,RU,53.0452,158.6483,64.99,42,75,4.47,broken clouds
277,Zhezkazgan,KZ,47.8043,67.7144,57.65,55,36,6.67,scattered clouds
278,Copala,MX,16.65,-98.9833,81.18,82,100,2.84,overcast clouds
279,San Policarpo,PH,12.1791,125.5072,83.46,70,100,5.91,overcast clouds
280,Villamontes,BO,-21.25,-63.5,52.16,86,12,1.83,few clouds
281,Trat,TH,12.5,102.5,82.56,81,11,4.94,few clouds
282,Ishigaki,JP,24.3448,124.1572,79.27,87,100,4.76,overcast clouds
283,Kloulklubed,PW,7.0419,134.2556,81.1,70,100,4.56,overcast clouds
284,Quepos,CR,9.4236,-84.1652,79.9,94,100,1.3,overcast clouds
285,Salalah,OM,17.0151,54.0924,79.68,88,99,9.8,overcast clouds
286,Constitucion,CL,-35.3333,-72.4167,54.23,71,100,5.48,overcast clouds
287,Pangnirtung,CA,66.1451,-65.7125,50.16,53,6,4.74,clear sky
288,Tucuma,BR,-0.1833,-50.05,74.7,92,12,5.61,few clouds
289,Quelimane,MZ,-17.8786,36.8883,63.72,97,20,3.51,few clouds
290,Margate,GB,51.3813,1.3862,55.96,89,100,8.01,light rain
291,Siddapur,IN,14.3333,74.8833,69.64,96,100,3.78,overcast clouds
292,Avera,US,33.194,-82.5271,82.27,83,100,14.74,overcast clouds
293,Wewak,PG,-3.5534,143.6268,82.35,77,100,9.48,overcast clouds
294,Zhanaozen,KZ,43.3,52.8,79.3,19,0,3.78,clear sky
295,Champerico,GT,14.3,-91.9167,82.35,77,100,3.06,overcast clouds
296,Waynesville,US,35.4887,-82.9887,71.67,82,36,5.01,moderate rain
297,Sabang,ID,5.8933,95.3214,82.24,70,91,19.04,overcast clouds
298,Ahipara,NZ,-35.1667,173.1667,61.11,68,3,13.78,clear sky
299,Lazaro Cardenas,MX,17.9583,-102.2,82.53,80,80,6.55,broken clouds
300,Vostok,RU,46.4856,135.8833,72.7,29,78,3.71,broken clouds
301,Xuddur,SO,4.1213,43.8894,68.05,86,4,15.41,clear sky
302,Kavaratti,IN,10.5669,72.642,82.53,76,75,21.54,broken clouds
303,Santa Isabel Do Rio Negro,BR,-0.4139,-65.0192,74.41,86,28,2.04,scattered clouds
304,Yabrud,SY,33.9674,36.6574,55.53,69,0,3.0,clear sky
305,Santa Maria,BR,-29.6842,-53.8069,50.79,97,40,4.12,scattered clouds
306,Fort Saint James,CA,54.4333,-124.25,81.48,28,65,9.48,broken clouds
307,Frome,GB,51.2283,-2.3221,54.82,91,100,13.35,overcast clouds
308,Severo-Yeniseyskiy,RU,60.3725,93.0408,47.07,91,96,6.22,overcast clouds
309,Broken Hill,AU,-31.95,141.4333,55.8,54,100,18.61,overcast clouds
310,College,US,64.8569,-147.8028,71.55,71,75,5.75,broken clouds
311,Meridian,US,43.6121,-116.3915,98.17,21,1,1.01,clear sky
312,Altay,CN,47.8667,88.1167,65.26,33,75,3.2,broken clouds
313,Tessalit,ML,20.1986,1.0114,91.51,13,5,10.11,clear sky
314,Norman Wells,CA,65.282,-126.8329,53.65,96,100,10.0,light rain
315,Alekseyevka,RU,50.6309,38.6903,65.32,79,7,8.52,clear sky
316,Florianopolis,BR,-27.6146,-48.5012,61.43,94,75,1.14,light rain
317,Georgetown,MY,5.4112,100.3354,80.89,82,20,0.0,few clouds
318,Jieshi,CN,22.8134,115.8257,82.94,85,100,7.34,light rain
319,Jalakandapuram,IN,11.6978,77.873,77.54,79,100,0.92,moderate rain
320,Sesheke,ZM,-17.4759,24.2968,49.8,68,7,5.14,clear sky
321,Meulaboh,ID,4.1363,96.1285,75.51,89,100,6.62,overcast clouds
322,Leningradskiy,RU,69.3833,178.4167,48.49,62,10,12.5,clear sky
323,Cantagallo,CO,7.376,-73.9196,77.7,86,98,2.06,overcast clouds
324,Acarau,BR,-2.8856,-40.12,78.15,80,6,13.24,clear sky
325,Asosa,ET,10.0667,34.5333,62.71,79,100,5.95,light rain
326,Sattahip,TH,12.6664,100.9007,90.16,74,20,3.44,few clouds
327,Roald,NO,62.5833,6.1333,54.16,93,75,2.3,broken clouds
328,Ipixuna,BR,-1.7625,-48.8043,75.15,96,5,2.93,light rain
329,Impfondo,CG,1.6381,18.0667,70.97,98,100,3.91,light rain
330,Shelburne,CA,44.0787,-80.2041,58.57,84,100,17.98,overcast clouds
331,Chapais,CA,49.7834,-74.8492,49.78,96,100,12.95,overcast clouds
332,Bethel,US,41.3712,-73.414,77.88,83,54,5.95,broken clouds
333,Ust-Nera,RU,64.5667,143.2,62.73,37,76,5.39,broken clouds
334,Hamilton,US,39.1834,-84.5333,70.12,81,90,1.01,overcast clouds
335,Saint-Ambroise,CA,48.5501,-71.3324,68.32,94,0,8.32,clear sky
336,Srednekolymsk,RU,67.45,153.6833,71.94,31,72,6.53,broken clouds
337,Nouadhibou,MR,20.931,-17.0347,67.33,85,0,19.86,clear sky
338,Port Hedland,AU,-20.3167,118.5667,57.25,77,5,8.05,clear sky
339,Ornskoldsvik,SE,63.2909,18.7153,58.82,100,90,3.44,light intensity drizzle
340,Niquero,CU,20.0431,-77.5828,80.62,80,12,4.18,light rain
341,Deputatskiy,RU,69.3,139.9,65.91,31,5,20.67,clear sky
342,Portland,US,45.5234,-122.6762,98.56,35,1,1.01,clear sky
343,Baiima,SL,8.1,-11.85,72.34,99,100,1.12,light rain
344,Ketchikan,US,55.3422,-131.6461,60.53,80,98,1.74,overcast clouds
345,Sakaiminato,JP,35.55,133.2333,69.42,77,100,6.02,overcast clouds
346,Abay,KZ,49.6311,72.8539,46.78,88,89,7.61,overcast clouds
347,Jumla,NP,29.2747,82.1838,63.45,83,45,0.87,scattered clouds
348,Poum,NC,-20.2333,164.0167,72.05,67,0,11.5,clear sky
349,Cao Bang,VN,22.6667,106.25,80.22,92,100,1.36,overcast clouds
350,Horni Benesov,CZ,49.9668,17.6026,64.22,93,100,2.75,overcast clouds
351,Bardiyah,LY,31.7561,25.0865,73.6,80,0,7.47,clear sky
352,Azul,AR,-36.777,-59.8585,41.92,94,7,4.74,clear sky
353,Humaita,BR,-7.5061,-63.0208,78.94,71,100,2.42,overcast clouds
354,Hambantota,LK,6.1241,81.1185,77.34,100,0,4.61,clear sky
355,Montepuez,MZ,-13.1256,38.9997,60.96,92,0,7.0,clear sky
356,Fairview,US,40.8126,-73.999,83.46,77,1,0.0,clear sky
357,Vestmannaeyjar,IS,63.4427,-20.2734,48.11,94,100,5.39,overcast clouds
358,Seoul,KR,37.5683,126.9778,74.71,48,41,2.55,scattered clouds
359,Nouakchott,MR,18.0858,-15.9785,75.13,71,98,16.33,overcast clouds
360,Biharamulo,TZ,-2.6319,31.3089,61.2,70,80,2.75,broken clouds
361,Dungarpur,IN,23.8333,73.7167,80.15,75,54,12.59,broken clouds
362,Puerto Ayacucho,VE,5.6639,-67.6236,75.22,91,99,3.06,overcast clouds
363,Pampa,US,35.5362,-100.9599,77.95,50,1,11.5,clear sky
364,Napier,NZ,-39.4833,176.9167,53.28,72,100,5.99,overcast clouds
365,Pemba,MZ,-12.974,40.5178,72.3,94,20,9.22,few clouds
366,Brunico,IT,46.7958,11.9364,66.78,96,7,2.01,clear sky
367,Contai,IN,21.7786,87.7536,84.0,76,100,5.61,overcast clouds
368,Bilma,NE,18.6853,12.9164,88.34,9,21,3.49,few clouds
369,La Grande,US,45.3246,-118.0877,94.01,34,0,10.04,clear sky
370,Ponta Do Sol,PT,32.6667,-17.1,68.63,69,27,3.13,scattered clouds
371,Korla,CN,41.7597,86.1469,77.54,29,100,7.43,overcast clouds
372,Lata,PT,40.1629,-8.3327,60.93,99,52,1.59,broken clouds
373,Udagamandalam,IN,11.4,76.7,53.73,77,100,3.31,light rain
374,Ust-Tsilma,RU,65.441,52.1498,49.41,91,91,2.55,overcast clouds
375,Vanimo,PG,-2.6741,141.3028,84.74,65,67,6.69,broken clouds
376,Galesong,ID,-5.3166,119.3661,80.62,72,99,3.13,overcast clouds
377,Yerbogachen,RU,61.2767,108.0108,72.57,54,6,4.9,clear sky
378,Omboue,GA,-1.5746,9.2618,75.13,89,100,7.4,overcast clouds
379,Makakilo City,US,21.3469,-158.0858,83.95,55,40,13.8,scattered clouds
380,Kitama,TZ,-10.7167,39.7333,62.33,98,24,4.21,few clouds
381,Bangangte,CM,5.1409,10.5198,59.45,97,100,2.71,overcast clouds
382,Berdigestyakh,RU,62.0989,126.6992,86.58,31,17,4.09,few clouds
383,Bojnurd,IR,37.4747,57.329,65.12,20,0,5.99,clear sky
384,Touros,BR,-5.1989,-35.4608,74.3,88,25,10.4,scattered clouds
385,Mogadishu,SO,2.0371,45.3438,76.71,84,52,14.43,broken clouds
386,Kalat,PK,29.0225,66.5916,64.27,40,0,3.87,clear sky
387,Lokosovo,RU,61.1333,74.8167,49.75,61,9,8.21,clear sky
388,Izazi,TZ,-7.2,35.7333,62.64,69,0,1.81,clear sky
389,Stepnyak,KZ,52.8339,70.7803,50.31,88,100,9.8,light rain
390,Saint-Francois,FR,46.4154,3.9054,59.47,100,0,5.75,clear sky
391,Abhar,IR,36.1468,49.218,64.45,68,0,3.8,clear sky
392,Goderich,CA,43.7501,-81.7165,59.92,77,78,27.02,broken clouds
393,Rudnogorsk,RU,57.2639,103.7519,53.4,78,100,7.02,overcast clouds
394,Praya,CV,14.9215,-23.5087,72.14,78,20,10.36,few clouds
395,Joao Pinheiro,BR,-17.7425,-46.1725,66.65,49,5,3.74,clear sky
396,Ostrovnoy,RU,68.0531,39.5131,49.66,91,89,16.06,overcast clouds
397,Matola,MZ,-25.9622,32.4589,60.51,86,0,3.98,clear sky
398,Fortuna,US,40.5982,-124.1573,76.42,79,1,5.01,clear sky
399,Ariquemes,BR,-9.9133,-63.0408,76.6,71,41,1.3,light rain
400,Port Blair,IN,11.6667,92.75,83.7,76,69,16.44,broken clouds
401,Bandarbeyla,SO,9.4942,50.8122,76.06,84,20,24.54,few clouds
402,Sola,VU,-13.8833,167.55,81.1,74,100,14.36,overcast clouds
403,Adrar,MR,20.5022,-10.0711,87.94,14,20,13.58,few clouds
404,Geraldton,AU,-28.7667,114.6,48.61,81,100,4.61,overcast clouds
405,Mariinsk,RU,56.2139,87.7472,53.69,86,100,4.18,overcast clouds
406,Nara,JP,34.6851,135.8049,78.49,56,97,4.38,overcast clouds
407,Charlestown,AU,-32.95,151.6667,60.73,88,100,1.99,overcast clouds
408,Howard Springs,AU,-12.497,131.047,81.88,72,5,10.38,clear sky
409,Gotsu,JP,35.0,132.2167,71.76,70,69,8.77,broken clouds
410,Auki,SB,-8.7676,160.7034,86.65,60,100,2.53,overcast clouds
411,Richards Bay,ZA,-28.783,32.0377,59.9,81,0,9.13,clear sky
412,Oiso,JP,35.3031,139.3028,80.17,73,59,4.5,broken clouds
413,Sitka,US,57.0531,-135.33,53.49,76,90,6.91,light rain
414,Tarrafal,CV,15.2833,-23.7667,72.39,83,18,12.17,few clouds
415,Hunxe,DE,51.65,6.7833,59.09,93,100,5.64,overcast clouds
416,Ust-Koksa,RU,50.2696,85.6108,48.0,94,100,4.18,overcast clouds
417,Kurilsk,RU,45.2333,147.8833,54.01,65,0,3.49,clear sky
418,San Cristobal,VE,7.7669,-72.225,71.78,93,44,2.24,scattered clouds
419,Muscatine,US,41.4667,-91.1335,66.38,42,20,10.36,few clouds
420,Botou,CN,38.0667,116.5667,83.48,35,6,14.81,light rain
421,Duobao,CN,30.67,112.6895,79.9,63,7,2.35,clear sky
422,Souillac,MU,-20.5167,57.5167,69.24,66,100,13.53,light rain
423,Crossville,US,35.949,-85.0269,69.31,97,75,5.01,broken clouds
424,Guerrero Negro,MX,27.9769,-114.0611,70.07,70,6,15.84,clear sky
425,Brumunddal,NO,60.881,10.9395,57.72,86,100,3.0,light rain
426,Indramayu,ID,-6.3264,108.32,79.86,75,73,7.76,broken clouds
427,Berlevag,NO,70.8578,29.0864,47.5,95,100,4.94,overcast clouds
428,Vila Velha,BR,-20.3297,-40.2925,73.35,78,75,8.05,broken clouds
429,Vardo,NO,70.3705,31.1107,47.12,98,100,8.12,overcast clouds
430,Ukiah,US,39.1502,-123.2078,93.52,40,1,13.8,clear sky
431,Zmeinogorsk,RU,51.1567,82.195,46.83,96,100,6.91,overcast clouds
432,Tiruchchendur,IN,8.4833,78.1167,82.0,71,96,7.7,overcast clouds
433,Gat,IL,31.61,34.7642,77.4,6,0,1.01,clear sky
434,Saldanha,ZA,-33.0117,17.9442,60.94,92,100,18.88,light rain
435,Pisco,PE,-13.7,-76.2167,64.45,82,90,11.5,overcast clouds
436,Jiwani,PK,25.05,61.7417,82.99,78,28,5.79,scattered clouds
437,Neepawa,CA,50.2289,-99.4664,58.82,61,17,7.27,few clouds
438,Coquimbo,CL,-29.9533,-71.3436,51.53,81,0,4.61,clear sky
439,Bubaque,GW,11.2833,-15.8333,79.23,77,100,5.73,overcast clouds
440,Ayr,GB,55.4627,-4.6339,48.49,81,0,4.61,clear sky
441,Namibe,AO,-15.1961,12.1522,66.7,82,11,5.37,few clouds
442,Coahuayana,MX,18.7333,-103.6833,85.48,81,92,4.68,overcast clouds
443,Santiago Del Estero,AR,-27.7951,-64.2615,55.71,58,2,7.09,clear sky
444,Ibirama,BR,-27.0569,-49.5178,62.31,100,100,0.29,light rain
445,Kazanskoye,RU,55.6448,69.235,49.6,86,73,6.71,broken clouds
446,Beloha,MG,-25.1667,45.05,60.4,83,0,7.29,clear sky
447,Mattru,SL,7.6244,-11.8332,73.02,98,100,1.57,moderate rain
448,Filadelfia,US,39.9523,-75.1638,78.3,81,90,5.99,moderate rain
449,Santa Marta,CO,11.2408,-74.199,83.98,76,100,10.0,overcast clouds
450,Shizunai,JP,42.3339,142.3669,61.41,81,12,5.14,few clouds
451,Nyurba,RU,63.2842,118.3319,84.33,38,20,2.95,few clouds
452,Sinnamary,GF,5.3833,-52.95,76.96,88,100,7.54,overcast clouds
453,Nuqui,CO,5.7125,-77.2708,77.52,82,100,0.87,overcast clouds
454,Chingirlau,KZ,51.095,54.0814,68.09,61,0,2.37,clear sky
455,Nargana,PA,9.4428,-78.5906,80.37,83,99,5.86,overcast clouds
456,Murgab,TM,37.4966,61.9714,73.53,22,0,8.28,clear sky
457,Trairi,BR,-3.2778,-39.2689,77.29,80,8,8.79,clear sky
458,Kirakira,SB,-10.4544,161.9205,84.45,75,86,12.08,overcast clouds
459,Ewa Beach,US,21.3156,-158.0072,85.37,56,40,13.8,scattered clouds
460,Kramat,ID,-8.1311,113.4499,78.76,82,48,2.19,scattered clouds
461,La Sarre,CA,48.8002,-79.1996,36.3,96,100,11.92,overcast clouds
462,Bathsheba,BB,13.2167,-59.5167,81.21,65,40,16.11,scattered clouds
463,Caravelas,BR,-17.7125,-39.2481,71.13,84,0,5.59,clear sky
464,Dunedin,NZ,-45.8742,170.5036,50.81,57,8,10.0,clear sky
465,Redmond,US,47.674,-122.1215,93.78,41,0,1.01,clear sky
466,Sambava,MG,-14.2667,50.1667,70.74,77,80,16.51,light rain
467,Plouzane,FR,48.3833,-4.6167,55.49,94,90,17.27,overcast clouds
468,Iracoubo,GF,5.4802,-53.2011,76.75,88,100,7.76,overcast clouds
469,Ixtapa,MX,20.7,-105.2,82.22,78,90,9.22,overcast clouds
470,San Alberto,CO,7.7611,-73.3922,76.95,81,87,6.78,overcast clouds
471,Qaqortoq,GL,60.7167,-46.0333,48.7,90,100,4.23,overcast clouds
472,Port Hardy,CA,50.6996,-127.4199,61.79,82,33,13.13,scattered clouds
473,Cochrane,CA,51.1834,-114.4687,78.6,44,100,5.61,overcast clouds
474,Olafsvik,IS,64.8945,-23.7142,46.71,91,100,11.77,overcast clouds
475,Fare,PF,-16.7,-151.0167,79.5,69,1,3.47,clear sky
476,Huercal-Overa,ES,37.389,-1.9454,70.23,34,0,4.5,clear sky
477,Launceston,AU,-41.45,147.1667,50.14,100,40,4.61,scattered clouds
478,San Quintin,MX,30.4833,-115.95,66.54,78,81,12.86,broken clouds
479,Otane,NZ,-39.8833,176.6333,53.01,75,100,10.18,overcast clouds
480,Awbari,LY,26.5921,12.7805,86.74,18,0,9.86,clear sky
481,Jinchang,CN,38.4953,102.1739,79.95,26,100,5.41,overcast clouds
482,Taywarah,AF,33.35,64.4167,47.98,24,0,6.98,clear sky
483,Strelka,RU,58.0728,93.0344,50.27,92,98,5.59,overcast clouds
484,Hopkinsville,US,36.8656,-87.4886,70.5,96,100,9.55,overcast clouds
485,Raga,SS,8.4596,25.678,68.92,87,100,2.73,light rain
486,Dillon,US,34.4166,-79.3712,86.2,64,2,14.56,clear sky
487,Abilene,US,32.4487,-99.7331,72.77,70,90,1.99,overcast clouds
488,Buala,SB,-8.145,159.5921,86.04,66,100,6.82,overcast clouds
489,Aklavik,CA,68.2191,-135.0107,48.83,49,89,22.79,overcast clouds
490,Shiyan,CN,32.6475,110.7781,79.86,43,0,2.06,clear sky
491,Anadyr,RU,64.75,177.4833,61.3,48,20,11.18,few clouds
492,Vila Franca Do Campo,PT,37.7167,-25.4333,64.81,77,28,6.31,scattered clouds
493,Itarema,BR,-2.9248,-39.9167,78.75,75,18,13.31,few clouds
494,Tancitaro,MX,19.3333,-102.3667,63.86,80,100,1.59,overcast clouds
495,Tutoia,BR,-2.7619,-42.2744,77.52,86,1,9.84,clear sky
496,Daru,PG,-9.0763,143.2092,79.38,88,84,17.78,broken clouds
497,Bremervorde,DE,53.4833,9.1333,55.38,95,75,5.46,broken clouds
498,Lasa,IT,46.6166,10.7002,61.36,92,12,2.89,few clouds
499,Cairns,AU,-16.9167,145.7667,78.06,67,90,12.66,overcast clouds
500,Lavrentiya,RU,65.5833,-171.0,46.08,74,100,3.24,overcast clouds
501,Inhambane,MZ,-23.865,35.3833,66.24,87,71,5.12,light rain
502,Nirsa,IN,23.7833,86.7167,80.62,90,100,6.04,overcast clouds
503,Katherine,AU,-14.4667,132.2667,77.32,57,0,10.36,clear sky
504,Nantucket,US,41.2835,-70.0995,74.07,92,90,12.66,mist
505,Zverinogolovskoye,RU,54.4586,64.8542,55.99,67,100,2.89,overcast clouds
506,Monywa,MM,22.1167,95.1333,81.97,73,97,12.08,overcast clouds
507,Akdepe,TM,42.0551,59.3788,69.8,20,0,12.86,clear sky
508,Puerto Maldonado,PE,-12.6,-69.1833,74.25,71,63,0.34,broken clouds
509,Bambanglipuro,ID,-7.95,110.2833,64.6,82,71,3.71,broken clouds
510,Pasighat,IN,28.0667,95.3333,78.21,97,96,1.72,light rain
511,Aripuana,BR,-9.1667,-60.6333,79.05,64,65,2.28,broken clouds
512,Turinsk,RU,58.0458,63.696,53.02,63,100,2.68,overcast clouds
513,Yasnyy,RU,51.0333,59.8742,60.24,43,30,7.27,scattered clouds
514,Emba,KZ,48.8264,58.1442,67.73,30,0,3.98,clear sky
515,Hvide Sande,DK,56.0045,8.1294,54.19,77,100,25.59,overcast clouds
516,Baykit,RU,61.67,96.37,50.63,90,100,9.95,overcast clouds
517,Moussoro,TD,13.6408,16.4901,88.0,38,33,10.07,scattered clouds
518,Port Moresby,PG,-9.4431,147.1797,82.22,70,13,5.12,few clouds
519,Tuy Hoa,VN,13.0833,109.3,87.3,59,28,11.3,scattered clouds
520,Verkh-Usugli,RU,52.7,115.1667,70.2,50,10,5.06,clear sky
521,Fort Nelson,CA,58.8053,-122.7002,75.54,42,51,7.78,broken clouds
522,Tual,ID,-5.6667,132.75,81.21,77,63,12.55,broken clouds
523,Vejle,DK,55.7093,9.5357,54.43,89,100,5.99,overcast clouds
524,Ekhabi,RU,53.5102,142.9671,54.61,58,100,15.05,overcast clouds
525,Opuwo,NA,-18.0607,13.84,57.27,43,0,8.16,clear sky
526,Ust-Kuyga,RU,70.0167,135.6,76.15,24,10,15.7,clear sky
527,Kabakovo,RU,54.5369,56.1517,59.29,72,40,2.24,scattered clouds
528,Balabac,PH,7.9868,117.0645,83.28,78,100,11.43,moderate rain
529,Tanout,NE,14.9709,8.8879,84.63,43,49,12.59,scattered clouds
530,Henties Bay,NA,-22.116,14.2845,63.86,53,0,3.44,clear sky
531,Rondonopolis,BR,-16.4708,-54.6356,79.36,41,88,1.45,overcast clouds
532,Antalaha,MG,-14.9003,50.2788,68.43,83,94,12.15,light rain
533,Inongo,CD,-1.95,18.2667,69.57,85,100,3.4,overcast clouds
534,The Valley,AI,18.217,-63.0578,80.46,77,90,21.36,overcast clouds
535,Magrath,CA,49.4167,-112.8686,81.32,31,100,8.34,overcast clouds
536,Acari,PE,-15.4311,-74.6158,65.5,80,74,4.12,broken clouds
537,Samarai,PG,-10.6167,150.6667,79.21,85,66,15.32,broken clouds
538,Tepalcatepec,MX,19.1833,-102.85,85.28,65,100,2.66,overcast clouds
539,Necochea,AR,-38.5473,-58.7368,43.03,84,4,9.8,clear sky
540,Floro,NO,61.5996,5.0328,51.76,76,100,10.36,overcast clouds
541,Todos Santos,MX,23.45,-110.2167,90.19,73,12,8.61,few clouds
542,Bamut,RU,43.1599,45.1973,66.15,54,0,3.89,clear sky
543,Soria,ES,41.6667,-2.6667,49.86,90,6,4.76,clear sky
544,Enschede,NL,52.2183,6.8958,54.34,92,100,4.0,overcast clouds
545,Areosa,PT,41.7178,-8.8571,60.67,94,8,11.27,clear sky
546,Sibolga,ID,1.7427,98.7792,74.66,90,100,3.49,overcast clouds
547,Soe,ID,-9.8607,124.284,77.77,51,26,1.36,scattered clouds
548,Kaduy,RU,59.2,37.15,60.84,82,96,3.13,overcast clouds
549,Podor,MR,16.6527,-14.9587,81.63,42,100,16.42,overcast clouds
550,Lumeje,AO,-11.55,20.7833,55.47,50,16,5.75,few clouds
551,George,ZA,-33.963,22.4617,71.15,28,20,13.8,few clouds
552,Leh,IN,34.1667,77.5833,47.95,68,46,3.56,scattered clouds
553,Byron Bay,AU,-28.65,153.6167,71.06,71,61,11.1,broken clouds
554,Waynesboro,US,38.0685,-78.8895,83.59,70,40,1.01,scattered clouds
555,Price,US,39.5994,-110.8107,94.26,10,1,12.66,clear sky
556,Elk Point,US,42.6833,-96.6836,72.64,60,2,5.12,clear sky
557,Campos Belos,BR,-13.0367,-46.7717,69.31,43,0,4.0,clear sky
558,Teya,RU,60.3778,92.6267,52.09,85,39,6.55,scattered clouds
559,Matara,LK,5.9485,80.5353,78.89,87,55,11.61,broken clouds
560,Imeni Poliny Osipenko,RU,52.4201,136.4853,73.78,49,100,7.58,overcast clouds
561,Craig,US,40.5153,-107.5464,83.16,13,1,3.44,clear sky
562,Cabedelo,BR,-6.9811,-34.8339,74.07,76,23,9.93,few clouds
563,Fort Myers Beach,US,26.452,-81.9481,87.06,82,40,1.99,scattered clouds
564,Payson,US,40.0444,-111.7321,95.99,20,1,1.99,clear sky
565,High Rock,BS,26.6208,-78.2833,82.42,80,100,12.03,overcast clouds
566,Mindelo,CV,16.8901,-24.9804,72.95,68,20,16.11,few clouds
567,Sorland,NO,67.667,12.6934,49.55,93,100,6.67,light rain
568,Victor Harbor,AU,-35.5667,138.6167,61.47,83,100,15.03,overcast clouds
569,Novoasbest,RU,57.7422,60.2877,55.53,73,91,2.77,overcast clouds
570,Yevpatoriya,UA,45.1972,33.3558,67.93,93,2,5.84,clear sky
571,Tari,NG,12.4086,4.4914,72.91,91,100,19.64,heavy intensity rain
572,Astana,KZ,51.1801,71.446,49.95,87,20,6.71,few clouds
573,Moose Factory,CA,51.2585,-80.6094,39.52,92,91,3.38,overcast clouds
574,Pudozh,RU,61.8099,36.5345,66.67,73,11,4.25,few clouds
575,Torrox,ES,36.7579,-3.9523,72.37,50,0,5.01,clear sky
576,Mogwase,ZA,-25.185,27.2665,49.15,51,0,3.74,clear sky
577,Ullapool,GB,57.8987,-5.1604,42.94,90,34,2.17,scattered clouds
578,Saint-Joseph,RE,-21.3667,55.6167,64.78,71,53,10.69,broken clouds
579,Bollnas,SE,61.3482,16.3946,59.4,98,100,2.33,light rain
580,Luklukan,PH,14.3254,122.7124,87.31,61,100,9.6,overcast clouds
581,Fairbanks,US,64.8378,-147.7164,71.56,73,75,0.0,broken clouds
582,Sann,PK,26.0418,68.1378,84.11,55,4,5.77,clear sky
583,Hami,CN,42.8,93.45,79.12,19,100,4.05,overcast clouds
584,Yar-Sale,RU,66.8333,70.8333,44.56,57,100,11.95,overcast clouds
585,La Plata,AR,-34.9215,-57.9545,54.0,82,100,5.77,overcast clouds
586,Acapetahua,MX,15.2833,-92.7,78.8,88,98,1.79,overcast clouds
587,Isangel,VU,-19.55,169.2667,78.91,69,75,5.75,broken clouds
588,Kilcullen,IE,53.1303,-6.7444,44.85,93,9,5.23,clear sky
589,Rapid City,US,44.0805,-103.231,77.54,28,20,1.99,few clouds
590,Corner Brook,CA,48.9667,-57.9484,56.21,94,100,3.31,overcast clouds
591,Sioux Lookout,CA,50.1001,-91.917,51.87,54,75,8.05,broken clouds
592,Linxia,CN,35.6003,103.2064,67.87,45,99,1.32,overcast clouds
593,Riyadh,SA,24.6877,46.7219,80.74,14,0,2.3,clear sky
594,Kilindoni,TZ,-7.9139,39.6668,76.21,77,5,17.29,light rain
595,Kishtwar,IN,33.3167,75.7667,63.07,67,10,3.29,clear sky
596,Husavik,IS,66.0449,-17.3389,46.74,78,100,18.43,light rain
597,Zeya,RU,53.75,127.2667,76.15,58,73,3.71,broken clouds
598,Houma,US,29.5958,-90.7195,77.0,92,1,8.05,clear sky
599,Tres Arroyos,AR,-38.3739,-60.2798,42.39,91,59,10.47,broken clouds
600,Loanda,AO,-8.8368,13.2343,70.38,93,90,7.29,overcast clouds
601,Sabha,LY,27.0377,14.4283,86.38,20,0,11.68,clear sky
602,Kuryk,KZ,43.2,51.65,80.98,26,0,7.43,clear sky
603,Puerto Escondido,MX,15.85,-97.0667,85.03,54,40,0.0,scattered clouds
604,Rajanpur,PK,29.1035,70.325,92.07,41,90,4.65,overcast clouds
605,Baghdogra,IN,26.7,88.3167,79.72,87,36,5.91,scattered clouds
606,Kalmunai,LK,7.4167,81.8167,79.07,80,100,3.91,overcast clouds
607,San Rafael Del Sur,NI,11.8485,-86.4384,80.83,76,99,11.88,overcast clouds
608,Arraias,BR,-12.9288,-46.9437,69.91,41,0,4.63,clear sky
609,Iquique,CL,-20.2208,-70.1431,60.84,83,100,3.04,overcast clouds
610,Maputo,MZ,-25.9653,32.5892,60.22,86,0,1.01,clear sky
611,Angoche,MZ,-16.2325,39.9086,68.13,91,42,6.73,light rain
612,Lithgow,AU,-33.4833,150.15,53.08,72,49,6.62,scattered clouds
613,Alta Floresta,BR,-9.8756,-56.0861,73.76,51,75,3.4,broken clouds
614,Kita,ML,13.0349,-9.4895,82.42,58,71,1.48,light rain
615,Christchurch,NZ,-43.5333,172.6333,49.91,94,90,4.0,overcast clouds
616,Porto Novo,BJ,6.4965,2.6036,73.54,97,100,3.74,heavy intensity rain
617,Tabanan,ID,-8.5413,115.1252,79.2,78,65,1.05,broken clouds
618,Nelson Bay,AU,-32.7167,152.15,61.0,94,89,1.01,overcast clouds
619,Esperance,AU,-33.8667,121.9,49.84,64,91,28.5,overcast clouds
620,Cotia,BR,-23.6704,-46.9472,59.83,94,100,2.42,overcast clouds
621,Benguela,AO,-12.5763,13.4055,69.96,81,27,2.19,scattered clouds
622,Basco,PH,20.4487,121.9702,83.75,84,100,24.45,overcast clouds
623,Kutum,SD,14.2,24.6667,77.88,35,100,4.54,overcast clouds
624,Muzhi,RU,65.3667,64.6667,50.14,56,94,4.09,overcast clouds
625,Natal,BR,-5.795,-35.2094,74.05,94,40,3.44,scattered clouds
626,Buta,CD,2.7858,24.73,68.36,98,91,2.04,overcast clouds
627,Naryan-Mar,RU,67.6713,53.087,48.94,78,94,9.95,overcast clouds
628,Saint-Denis,FR,48.9167,2.3333,62.15,90,0,2.3,clear sky
629,Khani,GE,41.9563,42.9566,54.97,65,0,3.65,clear sky
630,Shimoda,JP,34.6667,138.95,80.17,72,67,10.8,broken clouds
631,Salinas,US,36.6777,-121.6555,79.16,59,1,13.8,clear sky
632,Wangou,CN,42.0623,126.9127,56.91,95,96,1.83,overcast clouds
633,Rongcheng,CN,30.634,117.8517,77.59,71,100,2.39,overcast clouds
634,Crateus,BR,-5.1783,-40.6775,73.54,65,9,4.18,clear sky
635,Nauta,PE,-4.5061,-73.5757,72.14,98,14,1.36,few clouds
636,Moranbah,AU,-22.0016,148.0466,69.12,53,9,19.28,clear sky
637,Gobabis,NA,-22.45,18.9667,46.87,58,0,10.74,clear sky
638,Dalvik,IS,65.9702,-18.5286,45.25,91,100,13.89,overcast clouds
639,Takoradi,GH,4.8845,-1.7554,77.52,83,100,8.79,overcast clouds
640,Mithi,PK,24.7318,69.7981,82.89,70,0,11.9,clear sky
641,San Patricio,US,28.017,-97.5169,87.78,77,89,13.98,overcast clouds
642,Shingu,JP,33.7333,135.9833,74.91,69,100,6.06,overcast clouds
643,Panaba,MX,21.2833,-88.2667,82.87,69,100,12.71,overcast clouds
644,Kichera,RU,55.9375,110.0997,63.73,79,100,3.27,light rain
645,Giyani,ZA,-23.3025,30.7187,54.28,82,0,2.91,clear sky
646,Klyuchi,RU,52.2667,79.1667,52.48,70,88,9.01,overcast clouds
647,Sarangani,PH,5.4033,125.4636,83.71,71,97,6.46,overcast clouds
648,Masuda,JP,34.6667,131.85,81.36,67,40,8.48,scattered clouds
649,Batagay-Alyta,RU,67.8006,130.4114,78.04,28,12,6.71,few clouds
650,Manta,EC,-0.95,-80.7333,73.18,88,40,9.22,scattered clouds
651,Rawson,AR,-43.3002,-65.1023,52.0,59,31,15.1,scattered clouds
652,Aviles,ES,43.5547,-5.9248,60.19,92,75,11.99,light rain
653,Mont-De-Marsan,FR,44.0,-0.6667,62.15,64,75,4.61,broken clouds
654,Mayo,US,38.8876,-76.5119,83.12,86,75,1.99,broken clouds
655,Cobija,BO,-11.0267,-68.7692,74.46,70,47,2.66,scattered clouds
656,Tsogni,GA,-2.7942,10.0988,72.88,89,100,6.71,overcast clouds
657,Zabaykalsk,RU,49.6333,117.3167,70.66,50,41,4.59,scattered clouds
658,Huarmey,PE,-10.0681,-78.1522,65.3,85,87,7.16,overcast clouds
659,Katete,UG,-0.7818,29.7544,59.85,81,17,2.77,few clouds
660,Krasnoselkup,RU,65.7,82.4667,46.47,58,98,18.28,overcast clouds
661,Port Lincoln,AU,-34.7333,135.8667,57.61,51,100,19.6,light rain
662,Gondanglegi,ID,-7.7479,112.0132,78.17,84,100,9.91,overcast clouds
663,Kankon,IN,15.0167,74.0167,82.2,85,99,3.18,overcast clouds
664,Shenjiamen,CN,29.9576,122.298,74.17,83,100,5.06,light rain
665,Acajutla,SV,13.5928,-89.8275,81.48,80,100,3.31,overcast clouds
666,Mehriz,IR,31.5917,54.4318,70.93,10,0,3.0,clear sky
667,Pinheiro Machado,BR,-31.5783,-53.3811,45.05,100,0,3.71,clear sky
668,Zaraysk,RU,54.7653,38.8836,69.62,87,83,4.34,broken clouds
669,Moerai,PF,-22.4333,-151.3333,72.63,59,28,3.4,scattered clouds
670,Hofn,IS,64.2539,-15.2082,46.09,97,100,22.26,overcast clouds
671,Cheremukhovo,RU,60.3484,59.9851,50.61,78,97,0.13,overcast clouds
672,Puerto Leguizamo,CO,-0.1934,-74.7819,70.14,99,28,1.23,scattered clouds
673,Canning,IN,22.3189,88.6714,82.42,82,100,3.62,overcast clouds
674,Cabatuan,PH,10.8794,122.486,81.07,76,100,3.0,moderate rain
675,Dhidhdhoo,MV,6.8833,73.1,82.13,78,6,17.67,clear sky
676,Uruzgan,AF,32.8333,66.0,66.58,18,0,7.92,clear sky
677,Aksarka,RU,66.5606,67.7975,47.19,60,100,8.97,overcast clouds
678,Armizonskoye,RU,55.9461,67.6736,52.02,74,88,6.4,overcast clouds
679,Vengurla,IN,15.8667,73.6333,81.55,86,100,2.39,light rain
680,Verkhnevilyuysk,RU,63.4453,120.3167,82.62,43,79,3.0,broken clouds
681,Faya,SA,18.3851,42.4509,66.72,14,49,3.27,scattered clouds
